{
    "questions": [{
            "questionText": "What is the most consumed manufactured drink in the world?",
            "options": [{
                    "text": "tea",
                    "correct": true
                },
                {
                    "text": "coffee"
                },
                {
                    "text": "soda"
                },
                {
                    "text": "juice"
                }
            ],
            "explanation": "Tea is the most consumed manufactured drink in the world. It is a popular beverage that is enjoyed all over the world."
        },
        {
            "questionText": "Which is the only edible food that never goes bad?",
            "options": [{
                    "text": "rice"
                },
                {
                    "text": "pizza"
                },
                {
                    "text": "bread"
                },
                {
                    "text": "honey",
                    "correct": true
                }
            ],
            "explanation": "Honey is magic. Besides its delicious taste, it's pretty much the only food that does not spoil while in an edible state."
        },
        {
            "questionText": "Which country invented ice cream?",
            "options": [{
                    "text": "America"
                },
                {
                    "text": "China",
                    "correct": true
                },
                {
                    "text": "India"
                },
                {
                    "text": "Japan"
                }
            ],
            "explanation": "Ice cream originated in ancient China, was brought to Europe by Marco Polo, and since then, has swept the world. More than 3,000 years ago, well-off Chinese families treated their guests to sweet juices mixed with snow or ice."
        },
        {
            "questionText": "Which animal can be seen on the Porsche logo?",
            "options": [{
                    "text": "Tiger"
                },
                {
                    "text": "Horse",
                    "correct": true
                },
                {
                    "text": "Leopard"
                },
                {
                    "text": "Jaguar"
                }
            ],
            "explanation": "Featured prominently on the Porsche emblem is a rearing black horse."
        },
        {
            "questionText": "What is the name of the biggest technology company in South Korea?",
            "options": [{
                    "text": "Samsung",
                    "correct": true
                },
                {
                    "text": "Apple"
                },
                {
                    "text": "Google"
                },
                {
                    "text": "Microsoft"
                }
            ],
            "explanation": "Samsung Electronics is the world's biggest technology firm by revenue, and by far the largest-listed company in South Korea."
        },
        {
            "questionText": "What is the name of the World's largest ocean?",
            "options": [{
                    "text": "Indian Ocean"
                },
                {
                    "text": "Arctic Ocean"
                },
                {
                    "text": "Atlantic Ocean"
                },
                {
                    "text": "Pacific Ocean",
                    "correct": true
                }
            ],
            "explanation": "The Pacific Ocean is the largest and deepest of the world ocean basins. Covering approximately 63 million square miles and containing more than half of the free water on Earth."
        },
        {
            "questionText": "What geometric shape is generally used for stop signs?",
            "options": [{
                    "text": "Pentagon"
                },
                {
                    "text": "Octagon",
                    "correct": true
                },
                {
                    "text": "Hexagon"
                },
                {
                    "text": "Heptagon"
                }
            ],
            "explanation": " the octagonal shape makes it easy for drivers traveling in the opposite direction to recognize the sign from the back, which helps prevent confusion at intersections"
        },
        {
            "questionText": "How many legs does a spider have?",
            "options": [{
                    "text": "8",
                    "correct": true
                },
                {
                    "text": "10"
                },
                {
                    "text": "12"
                },
                {
                    "text": "6"
                }
            ],
            "explanation": " Spiders belong to the class of arachnids. All arachnids, have eight legs.."
        },
        {
            "questionText": "What country has the most natural lakes?",
            "options": [{
                    "text": "Canada",
                    "correct": true
                },
                {
                    "text": "Russia"
                },
                {
                    "text": "Brazil"
                },
                {
                    "text": "Spain"
                }
            ],
            "explanation": "Canada has the most natural lakes in the world followed by Russia and USA. About 9% of Canada's surface area is covered by lakes. The Great Bear Lake is the largest lake in Canada."
        },
        {
            "questionText": "Which country borders 14 nations and crosses 8 time zones?",
            "options": [{
                    "text": "Russia",
                    "correct": true
                },
                {
                    "text": "America"
                },
                {
                    "text": "Brazil"
                },
                {
                    "text": "Spain"
                }
            ],
            "explanation": "Canada has the most natural lakes in the world followed by Russia and USA. About 9% of Canada's surface area is covered by lakes. The Great Bear Lake is the largest lake in Canada."
        }
    ]
}